time;flappyHeight;flappyX;verticalSpeed;distToRoof;nearest_dx;nearest_y;passes;action
0,061825667;49,617760;20,000000;0,000000;100,000000;9999,000000;0,000000;0;0
0,078492336;49,486938;20,000000;-6,182567;50,382240;77,526970;58,405323;0;0
0,07852909;49,486649;20,000000;-7,849234;50,513062;76,860306;58,405323;0;0
0,07857496;49,486290;20,000000;-7,852909;50,513351;76,858833;58,405323;0;0
0,078756586;49,484859;20,000000;-7,857496;50,513710;76,856995;58,405323;0;0
0,07881334;49,484413;20,000000;-7,875659;50,515141;76,849731;58,405323;0;0
0,07891596;49,483604;20,000000;-7,881334;50,515587;76,847458;58,405323;0;0
0,07896683;49,483204;20,000000;-7,891596;50,516396;76,843353;58,405323;0;0
0,081347786;49,463837;20,000000;-7,896684;50,516796;76,841316;58,405323;0;0
0,08343112;49,446457;20,000000;-8,134779;50,536163;76,746078;58,405323;0;0
0,095158994;49,334854;20,000000;-8,343112;50,553543;76,662743;58,405323;0;0
0,09837999;49,303165;20,000000;-9,515900;50,665146;76,193626;58,405323;0;0
0,10772199;49,202530;20,000000;-9,837999;50,696835;76,064789;58,405323;0;0
0,115991995;49,106606;20,000000;-10,772200;50,797470;75,691109;58,405323;0;0
0,12437199;49,002380;20,000000;-11,599199;50,893394;75,360306;58,405323;0;0
0,13268699;48,892052;20,000000;-12,437200;50,997620;75,025108;58,405323;0;0
0,14094199;48,775703;20,000000;-13,268700;51,107948;74,692505;58,405323;0;0
0,149419;48,649040;20,000000;-14,094200;51,224297;74,362305;58,405323;0;0
0,157749;48,517635;20,000000;-14,941900;51,350960;74,023224;58,405323;0;0
0,165786;48,384392;20,000000;-15,774900;51,482365;73,690025;58,405323;0;0
0,174448;48,233284;20,000000;-16,578600;51,615608;73,368546;58,405323;0;0
0,182743;48,081699;20,000000;-17,444799;51,766716;73,022064;58,405323;0;0
0,191099;47,922016;20,000000;-18,274300;51,918301;72,690262;58,405323;0;0
0,19943234;47,755821;20,000000;-19,109900;52,077984;72,356018;58,405323;0;0
0,20776568;47,582684;20,000000;-19,943233;52,244179;72,022682;58,405323;0;0
0,21610802;47,402397;20,000000;-20,776567;52,417316;71,689346;58,405323;0;0
0,22444136;47,215363;20,000000;-21,610802;52,597603;71,355652;58,405323;0;0
0,2327747;47,021385;20,000000;-22,444136;52,784637;71,022316;58,405323;0;0
0,24113403;46,819813;20,000000;-23,277470;52,978615;70,688980;58,405323;0;0
0,24946737;46,611923;20,000000;-24,113403;53,180187;70,354607;58,405323;0;0
0,2578007;46,397091;20,000000;-24,946737;53,388077;70,021271;58,405323;0;0
0,26613402;46,175312;20,000000;-25,780071;53,602909;69,687935;58,405323;0;0
0,27446735;45,946590;20,000000;-26,613405;53,824688;69,354599;58,405323;0;0
0,28280067;45,710922;20,000000;-27,446739;54,053410;69,021263;58,405323;0;0
0,291134;45,468311;20,000000;-28,280073;54,289078;68,687927;58,405323;0;0
0,29946733;45,218754;20,000000;-29,113407;54,531689;68,354591;58,405323;0;0
0,30780065;44,962254;20,000000;-29,946741;54,781246;68,021255;58,405323;0;0
0,31613398;44,698807;20,000000;-30,780075;55,037746;67,687920;58,405323;0;0
0,3244673;44,428417;20,000000;-31,613409;55,301193;67,354584;58,405323;0;0
0,33280063;44,151085;20,000000;-32,446743;55,571583;67,021248;58,405323;0;0
0,34113395;43,866806;20,000000;-33,280075;55,848915;66,687912;58,405323;0;0
0,34946728;43,575584;20,000000;-34,113407;56,133194;66,354576;58,405323;0;0
0,3578006;43,277416;20,000000;-34,946739;56,424416;66,021240;58,405323;0;0
0,36613393;42,972305;20,000000;-35,780071;56,722584;65,687904;58,405323;0;0
0,37446725;42,660248;20,000000;-36,613403;57,027695;65,354568;58,405323;0;0
0,38280058;42,341248;20,000000;-37,446735;57,339752;65,021233;58,405323;0;0
0,3911949;42,012867;20,000000;-38,280067;57,658752;64,687897;58,405323;0;0
0,39952824;41,679928;20,000000;-39,119499;57,987133;64,352127;58,405323;0;0
0,40786156;41,340042;20,000000;-39,952831;58,320072;64,018791;58,405323;0;0
0,4161949;40,993214;20,000000;-40,786163;58,659958;63,685455;58,405323;0;0
0,4245282;40,639439;20,000000;-41,619495;59,006786;63,352119;58,405323;0;0
0,43286154;40,278721;20,000000;-42,452827;59,360561;63,018784;58,405323;0;0
0,44119486;39,911057;20,000000;-43,286160;59,721279;62,685448;58,405323;0;0
0,4495282;39,536449;20,000000;-44,119492;60,088943;62,352112;58,405323;0;0
0,4578615;39,154900;20,000000;-44,952824;60,463551;62,018776;58,405323;0;0
0,46619484;38,766403;20,000000;-45,786156;60,845100;61,685440;58,405323;0;0
0,47452816;38,370964;20,000000;-46,619488;61,233597;61,352104;58,405323;0;0
0,4828615;37,968578;20,000000;-47,452820;61,629036;61,018768;58,405323;0;0
0,4911948;37,559250;20,000000;-48,286152;62,031422;60,685432;58,405323;0;0
0,49952814;37,142975;20,000000;-49,119484;62,440750;60,352097;58,405323;0;0
0,5078888;37,554020;20,000000;-49,952816;62,857025;60,018761;58,405323;0;1
0,5162221;37,956776;20,000000;49,163933;62,445980;59,684334;58,405323;0;0
0,52455544;38,352585;20,000000;48,330601;62,043224;59,350998;58,405323;0;0
0,53288877;38,741451;20,000000;47,497269;61,647415;59,017662;58,405323;0;0
0,5412221;39,123371;20,000000;46,663937;61,258549;58,684326;58,405323;0;0
0,5495554;39,498348;20,000000;45,830605;60,876629;58,350990;58,405323;0;0
0,55788875;39,866383;20,000000;44,997272;60,501652;58,017654;58,405323;0;0
0,5662221;40,227470;20,000000;44,163940;60,133617;57,684319;58,405323;0;0
0,5745554;40,581615;20,000000;43,330608;59,772530;57,350983;58,405323;0;0
0,5828887;40,928814;20,000000;42,497276;59,418385;57,017647;58,405323;0;0
0,59122205;41,269070;20,000000;41,663944;59,071186;56,684311;58,405323;0;0
0,5995554;41,602379;20,000000;40,830612;58,730930;56,350975;58,405323;0;0
0,6078887;41,928745;20,000000;39,997280;58,397621;56,017639;58,405323;0;0
0,616222;42,248169;20,000000;39,163948;58,071255;55,684303;58,405323;0;0
0,62455535;42,560646;20,000000;38,330616;57,751831;55,350967;58,405323;0;0
0,6328887;42,866180;20,000000;37,497284;57,439354;55,017632;58,405323;0;0
0,641222;43,164768;20,000000;36,663952;57,133820;54,684296;58,405323;0;0
0,6495553;43,456413;20,000000;35,830620;56,835232;54,350960;58,405323;0;0
0,65821266;43,751900;20,000000;34,997288;56,543587;54,017624;58,405323;0;0
0,666546;44,029385;20,000000;34,131554;56,248100;53,671333;58,405323;0;0
0,6748793;44,299927;20,000000;33,298222;55,970615;53,337997;58,405323;0;0
0,68321264;44,563522;20,000000;32,464890;55,700073;53,004662;58,405323;0;0
0,69154596;44,820175;20,000000;31,631556;55,436478;52,671326;58,405323;0;0
0,6998793;45,069881;20,000000;30,798222;55,179825;52,337990;58,405323;0;0
0,7082126;45,312645;20,000000;29,964888;54,930119;52,004654;58,405323;0;0
0,71654594;45,548462;20,000000;29,131554;54,687355;51,671318;58,405323;0;0
0,72487926;45,777336;20,000000;28,298220;54,451538;51,337982;58,405323;0;0
0,7332126;45,999268;20,000000;27,464886;54,222664;51,004646;58,405323;0;0
0,7415459;46,214252;20,000000;26,631552;54,000732;50,671310;58,405323;0;0
0,74987924;46,422295;20,000000;25,798218;53,785748;50,337975;58,405323;0;0
0,75821257;46,623390;20,000000;24,964884;53,577705;50,004639;58,405323;0;0
0,7665459;46,817543;20,000000;24,131550;53,376610;49,671303;58,405323;0;0
0,7748792;47,004749;20,000000;23,298216;53,182457;49,337967;58,405323;0;0
0,78321254;47,185013;20,000000;22,464882;52,995251;49,004631;58,405323;0;0
0,79154587;47,358330;20,000000;21,631548;52,814987;48,671295;58,405323;0;0
0,7998792;47,524704;20,000000;20,798214;52,641670;48,337959;58,405323;0;0
0,8082125;47,684135;20,000000;19,964880;52,475296;48,004623;58,405323;0;0
0,81654584;47,836620;20,000000;19,131546;52,315865;47,671288;58,405323;0;0
0,82487917;47,982162;20,000000;18,298212;52,163380;47,337952;58,405323;0;0
0,8332125;48,120758;20,000000;17,464878;52,017838;47,004616;58,405323;0;0
0,8415458;48,252411;20,000000;16,631544;51,879242;46,671280;58,405323;0;0
0,84987915;48,377117;20,000000;15,798211;51,747589;46,337944;58,405323;0;0
0,8582125;48,494881;20,000000;14,964878;51,622883;46,004608;58,405323;0;0
0,8665458;48,605698;20,000000;14,131545;51,505119;45,671272;58,405323;0;0
0,8748791;48,709572;20,000000;13,298212;51,394302;45,337936;58,405323;0;0
0,88321245;48,806503;20,000000;12,464879;51,290428;45,004601;58,405323;0;0
0,8915458;48,896488;20,000000;11,631546;51,193497;44,671265;58,405323;0;0
0,8998791;48,979530;20,000000;10,798213;51,103512;44,337929;58,405323;0;0
0,9082124;49,055626;20,000000;9,964880;51,020470;44,004593;58,405323;0;0
0,91654575;49,124779;20,000000;9,131547;50,944374;43,671261;58,405323;0;0
0,9248791;49,186985;20,000000;8,298214;50,875221;43,337929;58,405323;0;0
0,9332124;49,242249;20,000000;7,464880;50,813015;43,004597;58,405323;0;0
0,9415457;49,290565;20,000000;6,631547;50,757751;42,671265;58,405323;0;0
0,94987905;49,331940;20,000000;5,798213;50,709435;42,337933;58,405323;0;0
0,9582124;49,366371;20,000000;4,964880;50,668060;42,004601;58,405323;0;0
0,9665457;49,393856;20,000000;4,131546;50,633629;41,671268;58,405323;0;0
0,974879;49,414398;20,000000;3,298213;50,606144;41,337936;58,405323;0;0
0,98321235;49,427994;20,000000;2,464880;50,585602;41,004604;58,405323;0;0
0,9915457;49,434647;20,000000;1,631546;50,572006;40,671272;58,405323;0;0
0,999879;49,434353;20,000000;0,798213;50,565353;40,337940;58,405323;0;0
1,0082123;49,427116;20,000000;-0,035121;50,565647;40,004608;58,405323;0;0
1,0165457;49,412933;20,000000;-0,868454;50,572884;39,671276;58,405323;0;0
1,024879;49,391808;20,000000;-1,701787;50,587067;39,337944;58,405323;0;0
1,0332123;49,363735;20,000000;-2,535121;50,608192;39,004612;58,405323;0;0
1,0415456;49,328720;20,000000;-3,368454;50,636265;38,671280;58,405323;0;0
1,049879;49,286762;20,000000;-4,201787;50,671280;38,337948;58,405323;0;0
1,0582123;49,237858;20,000000;-5,035121;50,713238;38,004616;58,405323;0;0
1,0665456;49,182011;20,000000;-5,868454;50,762142;37,671284;58,405323;0;0
1,0748789;49,119217;20,000000;-6,701788;50,817989;37,337952;58,405323;0;0
1,0832123;49,049480;20,000000;-7,535121;50,880783;37,004620;58,405323;0;0
1,0915456;48,972797;20,000000;-8,368455;50,950520;36,671288;58,405323;0;0
1,0998789;49,382519;20,000000;-9,201788;51,027203;36,337955;58,405323;0;1
1,1082122;49,785297;20,000000;49,166668;50,617481;36,004623;58,405323;0;0
1,1165456;50,181129;20,000000;48,333336;50,214703;35,671291;58,405323;0;0
1,1248789;50,570019;20,000000;47,500004;49,818871;35,337959;58,405323;0;0
1,1332122;50,951962;20,000000;46,666672;49,429981;35,004627;58,405323;0;0
1,1415455;51,326962;20,000000;45,833340;49,048038;34,671295;58,405323;0;0
1,1498789;51,695019;20,000000;45,000008;48,673038;34,337963;58,405323;0;0
1,1582122;52,056129;20,000000;44,166676;48,304981;34,004631;58,405323;0;0
1,1665455;52,410297;20,000000;43,333344;47,943871;33,671299;58,405323;0;0
1,1748788;52,757519;20,000000;42,500011;47,589703;33,337967;58,405323;0;0
1,1832122;53,097797;20,000000;41,666679;47,242481;33,004635;58,405323;0;0
1,1915455;53,431129;20,000000;40,833347;46,902203;32,671303;58,405323;0;0
1,1998788;53,757519;20,000000;40,000015;46,568871;32,337971;58,405323;0;0
1,2082121;54,076962;20,000000;39,166683;46,242481;32,004639;58,405323;0;0
1,2165455;54,389462;20,000000;38,333351;45,923038;31,671307;58,405323;0;0
1,2248788;54,695019;20,000000;37,500019;45,610538;31,337975;58,405323;0;0
1,2332121;54,993629;20,000000;36,666687;45,304981;31,004642;58,405323;0;0
1,2415454;55,285297;20,000000;35,833355;45,006371;30,671310;58,405323;0;0
1,2498788;55,570019;20,000000;35,000023;44,714703;30,337978;58,405323;0;0
1,2582121;55,847797;20,000000;34,166691;44,429981;30,004646;58,405323;0;0
1,2665454;56,118629;20,000000;33,333359;44,152203;29,671314;58,405323;0;0
1,2748787;56,382519;20,000000;32,500027;43,881371;29,337982;58,405323;0;0
1,2832121;56,639465;20,000000;31,666693;43,617481;29,004650;58,405323;0;0
1,2915454;56,889465;20,000000;30,833359;43,360535;28,671318;58,405323;0;0
1,2998787;57,132523;20,000000;30,000025;43,110535;28,337986;58,405323;0;0
1,308212;57,368633;20,000000;29,166691;42,867477;28,004654;58,405323;0;0
1,3165454;57,597801;20,000000;28,333357;42,631367;27,671322;58,405323;0;0
1,3248787;57,820023;20,000000;27,500023;42,402199;27,337990;58,405323;0;0
1,333212;58,035301;20,000000;26,666689;42,179977;27,004658;58,405323;0;0
1,3415453;58,243633;20,000000;25,833355;41,964699;26,671326;58,405323;0;0
1,3498787;58,445023;20,000000;25,000021;41,756367;26,337994;58,405323;0;0
1,358212;58,639465;20,000000;24,166687;41,554977;26,004662;58,405323;0;0
1,3665453;58,826965;20,000000;23,333353;41,360535;25,671329;58,405323;0;0
1,3748786;59,007523;20,000000;22,500019;41,173035;25,337997;58,405323;0;0
1,383212;59,181133;20,000000;21,666685;40,992477;25,004665;58,405323;0;0
1,3915453;59,347801;20,000000;20,833351;40,818867;24,671333;58,405323;0;0
1,3998786;59,507523;20,000000;20,000017;40,652199;24,338001;58,405323;0;0
1,408212;59,660301;20,000000;19,166683;40,492477;24,004669;58,405323;0;0
1,4165453;59,806133;20,000000;18,333349;40,339699;23,671337;58,405323;0;0
1,4248786;59,945023;20,000000;17,500015;40,193867;23,338005;58,405323;0;0
1,4332119;60,076965;20,000000;16,666681;40,054977;23,004673;58,405323;0;0
1,4415452;60,201965;20,000000;15,833348;39,923035;22,671341;58,405323;0;0
1,4498786;60,320023;20,000000;15,000015;39,798035;22,338009;58,405323;0;0
1,4582119;60,431133;20,000000;14,166682;39,679977;22,004677;58,405323;0;0
1,4665452;60,535301;20,000000;13,333349;39,568867;21,671345;58,405323;0;0
1,4748785;60,632523;20,000000;12,500016;39,464699;21,338013;58,405323;0;0
1,4832119;60,722801;20,000000;11,666683;39,367477;21,004681;58,405323;0;0
1,4915452;60,806133;20,000000;10,833350;39,277199;20,671349;58,405323;0;0
1,4998785;60,882523;20,000000;10,000017;39,193867;20,338017;58,405323;0;0
1,5082119;60,951965;20,000000;9,166684;39,117477;20,004684;58,405323;0;0
1,5165452;61,361687;20,000000;8,333351;39,048035;19,671352;58,405323;0;1
1,5248785;61,764465;20,000000;49,166668;38,638313;19,338020;58,405323;0;0
1,5332118;62,160297;20,000000;48,333336;38,235535;19,004688;58,405323;0;0
1,5415452;62,549187;20,000000;47,500004;37,839703;18,671356;58,405323;0;0
1,5498785;62,931129;20,000000;46,666672;37,450813;18,338024;58,405323;0;0
1,5582118;63,306129;20,000000;45,833340;37,068871;18,004692;58,405323;0;0
1,5665451;63,674187;20,000000;45,000008;36,693871;17,671360;58,405323;0;0
1,5748785;64,035301;20,000000;44,166676;36,325813;17,338028;58,405323;0;0
1,5832118;64,389465;20,000000;43,333344;35,964699;17,004696;58,405323;0;0
1,5915451;64,736687;20,000000;42,500011;35,610535;16,671364;58,405323;0;0
1,5998784;65,076965;20,000000;41,666679;35,263313;16,338032;58,405323;0;0
1,6082118;65,410301;20,000000;40,833347;34,923035;16,004700;58,405323;0;0
1,6165451;65,736687;20,000000;40,000015;34,589699;15,671368;58,405323;0;0
1,6248784;66,056129;20,000000;39,166683;34,263313;15,338036;58,405323;0;0
1,6332117;66,368629;20,000000;38,333351;33,943871;15,004704;58,405323;0;0
1,641545;66,674187;20,000000;37,500019;33,631371;14,671371;58,405323;0;0
1,6498784;66,972801;20,000000;36,666687;33,325813;14,338039;58,405323;0;0
1,6582117;67,264465;20,000000;35,833355;33,027199;14,004707;58,405323;0;0
1,666545;67,549187;20,000000;35,000023;32,735535;13,671375;58,405323;0;0
1,6748784;67,826965;20,000000;34,166691;32,450813;13,338043;58,405323;0;0
1,6832117;68,097801;20,000000;33,333359;32,173035;13,004711;58,405323;0;0
1,691545;68,361687;20,000000;32,500027;31,902199;12,671379;58,405323;0;0
1,6998783;68,618629;20,000000;31,666693;31,638313;12,338047;58,405323;0;0
1,7082117;68,868629;20,000000;30,833359;31,381371;12,004715;58,405323;0;0
1,716545;69,111687;20,000000;30,000025;31,131371;11,671381;58,405323;0;0
1,7248783;69,347801;20,000000;29,166691;30,888313;11,338047;58,405323;0;0
1,7332116;69,576965;20,000000;28,333357;30,652199;11,004713;58,405323;0;0
1,741545;69,799187;20,000000;27,500023;30,423035;10,671379;58,405323;0;0
1,7498783;70,014465;20,000000;26,666689;30,200813;10,338045;58,405323;0;0
1,7582116;70,222801;20,000000;25,833355;29,985535;10,004711;58,405323;0;0
1,7665449;70,424187;20,000000;25,000021;29,777199;9,671377;58,405323;0;0
1,7748783;70,618629;20,000000;24,166687;29,575813;9,338043;58,405323;0;0
1,7832116;70,806129;20,000000;23,333353;29,381371;9,004709;58,405323;0;0
1,7915449;70,986687;20,000000;22,500019;29,193871;8,671375;58,405323;0;0
1,7998782;71,160301;20,000000;21,666685;29,013313;8,338041;58,405323;0;0
1,8082116;71,326965;20,000000;20,833351;28,839699;8,004707;58,405323;0;0
1,8165449;71,486687;20,000000;20,000017;28,673035;7,671373;58,405323;0;0
1,8248782;71,639465;20,000000;19,166683;28,513313;7,338039;58,405323;0;0
1,8332115;71,785301;20,000000;18,333349;28,360535;7,004705;58,405323;0;0
1,8415449;71,924187;20,000000;17,500015;28,214699;6,671371;58,405323;0;0
1,8498782;72,056129;20,000000;16,666681;28,075813;6,338037;58,405323;0;0
1,8582115;72,181129;20,000000;15,833348;27,943871;6,004704;58,405323;0;0
1,8665448;72,299187;20,000000;15,000015;27,818871;5,671370;58,405323;0;0
1,8748782;72,410301;20,000000;14,166682;27,700813;5,338036;58,405323;0;0
1,8832115;72,514465;20,000000;13,333349;27,589699;5,004702;58,405323;0;0
1,8915448;72,611687;20,000000;12,500016;27,485535;4,671368;58,405323;0;0
1,8998781;72,701965;20,000000;11,666683;27,388313;4,338034;58,405323;0;0
1,9082115;72,785301;20,000000;10,833350;27,298035;4,004700;58,405323;0;0
1,9165448;72,861687;20,000000;10,000017;27,214699;3,671366;58,405323;0;0
1,9248781;72,931129;20,000000;9,166684;27,138313;3,338032;58,405323;0;0
1,9332114;72,993629;20,000000;8,333351;27,068871;3,004698;58,405323;0;0
1,9415448;73,049187;20,000000;7,500018;27,006371;2,671364;58,405323;0;0
1,9498781;73,097801;20,000000;6,666684;26,950813;2,338030;58,405323;0;0
1,9582114;73,139465;20,000000;5,833351;26,902199;2,004696;58,405323;0;0
1,9665447;73,174187;20,000000;5,000017;26,860535;1,671362;58,405323;0;0
1,9748781;73,201965;20,000000;4,166684;26,825813;1,338028;58,405323;0;0
1,9832114;73,222801;20,000000;3,333350;26,798035;1,004694;58,405323;0;0
1,9915447;73,236687;20,000000;2,500017;26,777199;0,671360;58,405323;0;0
1,999878;73,243629;20,000000;1,666683;26,763313;0,338026;58,405323;0;0
2,0082114;73,243629;20,000000;0,833350;26,756371;0,004692;58,405323;1;0
2,0165448;73,236687;20,000000;0,000017;26,756371;49,671242;32,045364;2;0
2,0248783;73,222801;20,000000;-0,833317;26,763313;49,337906;32,045364;3;0
2,0332117;73,201965;20,000000;-1,666650;26,777199;49,004570;32,045364;4;0
2,0415452;73,174187;20,000000;-2,499984;26,798035;48,671234;32,045364;5;0
2,0498786;73,139465;20,000000;-3,333317;26,825813;48,337898;32,045364;6;0
2,058212;73,097801;20,000000;-4,166650;26,860535;48,004562;32,045364;7;0
2,0665455;73,049187;20,000000;-4,999984;26,902199;47,671227;32,045364;8;0
2,074879;72,993629;20,000000;-5,833317;26,950813;47,337891;32,045364;9;0
2,0832124;72,931129;20,000000;-6,666651;27,006371;47,004555;32,045364;10;0
2,0915458;72,861687;20,000000;-7,499984;27,068871;46,671219;32,045364;11;0
2,0998793;72,785301;20,000000;-8,333318;27,138313;46,337883;32,045364;12;0
2,1082127;72,701965;20,000000;-9,166651;27,214699;46,004547;32,045364;13;0
2,1165462;72,611687;20,000000;-9,999984;27,298035;45,671211;32,045364;14;0
2,1248796;72,514465;20,000000;-10,833317;27,388313;45,337875;32,045364;15;0
2,133213;72,410301;20,000000;-11,666650;27,485535;45,004539;32,045364;16;0
2,1415465;72,299187;20,000000;-12,499983;27,589699;44,671204;32,045364;17;0
2,14988;72,181129;20,000000;-13,333316;27,700813;44,337868;32,045364;18;0
2,1582134;72,056129;20,000000;-14,166649;27,818871;44,004532;32,045364;19;0
2,1665468;71,924187;20,000000;-14,999982;27,943871;43,671200;32,045364;20;0
2,1748803;71,785301;20,000000;-15,833315;28,075813;43,337868;32,045364;21;0
2,1832137;71,639465;20,000000;-16,666649;28,214699;43,004536;32,045364;22;0
2,1915472;71,486687;20,000000;-17,499983;28,360535;42,671204;32,045364;23;0
2,1998806;71,326965;20,000000;-18,333317;28,513313;42,337872;32,045364;24;0
2,208214;71,160301;20,000000;-19,166651;28,673035;42,004539;32,045364;25;0
2,2165475;70,986687;20,000000;-19,999985;28,839699;41,671207;32,045364;26;0
2,224881;70,806129;20,000000;-20,833319;29,013313;41,337875;32,045364;27;0
2,2332144;70,618629;20,000000;-21,666653;29,193871;41,004543;32,045364;28;0
2,2415478;70,424187;20,000000;-22,499987;29,381371;40,671211;32,045364;29;0
2,2498813;70,222801;20,000000;-23,333321;29,575813;40,337879;32,045364;30;0
2,2582147;70,014465;20,000000;-24,166655;29,777199;40,004547;32,045364;31;0
2,2665482;69,799187;20,000000;-24,999989;29,985535;39,671215;32,045364;32;0
2,2748816;69,576965;20,000000;-25,833323;30,200813;39,337883;32,045364;33;0
2,283215;69,347801;20,000000;-26,666656;30,423035;39,004551;32,045364;33;0
2,2915485;69,111687;20,000000;-27,499990;30,652199;38,671219;32,045364;33;0
2,299882;68,868629;20,000000;-28,333324;30,888313;38,337887;32,045364;33;0
2,3082154;68,618629;20,000000;-29,166658;31,131371;38,004555;32,045364;33;0
2,3165488;68,361687;20,000000;-29,999992;31,381371;37,671223;32,045364;33;0
2,3248823;68,097801;20,000000;-30,833326;31,638313;37,337891;32,045364;33;0
2,3332157;67,826965;20,000000;-31,666660;31,902199;37,004559;32,045364;33;0
2,3415492;67,549187;20,000000;-32,499992;32,173035;36,671227;32,045364;33;0
2,3498826;67,264465;20,000000;-33,333324;32,450813;36,337894;32,045364;33;0
2,358216;66,972801;20,000000;-34,166656;32,735535;36,004562;32,045364;33;0
2,3665495;66,674187;20,000000;-34,999989;33,027199;35,671230;32,045364;33;0
2,374883;66,368629;20,000000;-35,833321;33,325813;35,337898;32,045364;33;0
2,3832164;66,778351;20,000000;-36,666653;33,631371;35,004566;32,045364;33;1
2,3915498;67,181129;20,000000;49,166668;33,221649;34,671234;32,045364;33;0
2,3998833;67,576965;20,000000;48,333336;32,818871;34,337902;32,045364;33;0
2,4082167;67,965851;20,000000;47,500004;32,423035;34,004570;32,045364;33;0
2,4165502;68,347794;20,000000;46,666672;32,034149;33,671238;32,045364;33;0
2,4248836;68,722794;20,000000;45,833340;31,652206;33,337906;32,045364;33;0
2,433217;69,090851;20,000000;45,000008;31,277206;33,004574;32,045364;33;0
2,4415505;69,451965;20,000000;44,166676;30,909149;32,671242;32,045364;33;0
2,449884;69,806129;20,000000;43,333344;30,548035;32,337910;32,045364;33;0
2,4582174;70,153351;20,000000;42,500011;30,193871;32,004578;32,045364;33;0
2,4665508;70,493629;20,000000;41,666679;29,846649;31,671246;32,045364;33;0
2,4748843;70,826965;20,000000;40,833347;29,506371;31,337914;32,045364;33;0
2,4832177;71,153351;20,000000;40,000015;29,173035;31,004581;32,045364;33;0
2,4915512;71,472794;20,000000;39,166683;28,846649;30,671249;32,045364;33;0
2,4998846;71,785294;20,000000;38,333351;28,527206;30,337917;32,045364;33;0
2,508218;72,090851;20,000000;37,500019;28,214706;30,004585;32,045364;33;0
2,5165515;72,389465;20,000000;36,666687;27,909149;29,671253;32,045364;33;0
2,524885;72,681129;20,000000;35,833355;27,610535;29,337921;32,045364;33;0
2,5332184;72,965851;20,000000;35,000023;27,318871;29,004589;32,045364;33;0
2,5415518;73,243629;20,000000;34,166691;27,034149;28,671257;32,045364;33;0
2,5498853;73,514465;20,000000;33,333359;26,756371;28,337925;32,045364;33;0
2,5582187;73,778351;20,000000;32,500027;26,485535;28,004593;32,045364;33;0
2,5665522;74,035294;20,000000;31,666693;26,221649;27,671261;32,045364;33;0
2,5748856;74,285294;20,000000;30,833359;25,964706;27,337929;32,045364;33;0
2,583219;74,528351;20,000000;30,000025;25,714706;27,004597;32,045364;33;0
2,5915525;74,764465;20,000000;29,166691;25,471649;26,671265;32,045364;33;0
2,599886;74,993629;20,000000;28,333357;25,235535;26,337933;32,045364;33;0
2,6082194;75,215851;20,000000;27,500023;25,006371;26,004601;32,045364;33;0
2,6165528;75,431129;20,000000;26,666689;24,784149;25,671268;32,045364;33;0
2,6248863;75,639465;20,000000;25,833355;24,568871;25,337936;32,045364;33;0
2,6332197;75,840851;20,000000;25,000021;24,360535;25,004604;32,045364;33;0
2,6415532;76,035294;20,000000;24,166687;24,159149;24,671272;32,045364;33;0
2,6498866;76,222794;20,000000;23,333353;23,964706;24,337940;32,045364;33;0
2,65822;76,403351;20,000000;22,500019;23,777206;24,004608;32,045364;33;0
2,6665535;76,576965;20,000000;21,666685;23,596649;23,671276;32,045364;33;0
2,674887;76,743629;20,000000;20,833351;23,423035;23,337944;32,045364;33;0
2,6832204;76,903351;20,000000;20,000017;23,256371;23,004612;32,045364;33;0
2,6915538;77,056129;20,000000;19,166683;23,096649;22,671280;32,045364;33;0
2,6998873;77,201965;20,000000;18,333349;22,943871;22,337948;32,045364;33;0
2,7082207;77,340851;20,000000;17,500015;22,798035;22,004616;32,045364;33;0
2,7165542;77,472794;20,000000;16,666681;22,659149;21,671284;32,045364;33;0
2,7248876;77,597794;20,000000;15,833348;22,527206;21,337952;32,045364;33;0
2,733221;77,715851;20,000000;15,000015;22,402206;21,004620;32,045364;33;0
2,7415545;77,826965;20,000000;14,166682;22,284149;20,671288;32,045364;33;0
2,749888;77,931129;20,000000;13,333349;22,173035;20,337955;32,045364;33;0
2,7582214;78,028351;20,000000;12,500016;22,068871;20,004623;32,045364;33;0
2,7665548;78,118629;20,000000;11,666683;21,971649;19,671291;32,045364;33;0
2,7748883;78,201965;20,000000;10,833350;21,881371;19,337959;32,045364;33;0
2,7832217;78,278351;20,000000;10,000017;21,798035;19,004627;32,045364;33;0
2,7915552;78,347794;20,000000;9,166684;21,721649;18,671295;32,045364;33;0
2,7998886;78,410294;20,000000;8,333351;21,652206;18,337963;32,045364;33;0
2,808222;78,465851;20,000000;7,500018;21,589706;18,004631;32,045364;33;0
2,8165555;78,514465;20,000000;6,666684;21,534149;17,671299;32,045364;33;0
2,824889;78,556129;20,000000;5,833351;21,485535;17,337967;32,045364;33;0
2,8332224;78,590851;20,000000;5,000017;21,443871;17,004635;32,045364;33;0
2,8415558;78,618629;20,000000;4,166684;21,409149;16,671303;32,045364;33;0
2,8498893;78,639465;20,000000;3,333350;21,381371;16,337971;32,045364;33;0
2,8582227;78,653351;20,000000;2,500017;21,360535;16,004639;32,045364;33;0
2,8665562;78,660294;20,000000;1,666683;21,346649;15,671307;32,045364;33;0
2,8748896;78,660294;20,000000;0,833350;21,339706;15,337975;32,045364;33;0
2,883223;78,653351;20,000000;0,000017;21,339706;15,004642;32,045364;33;0
2,8915565;78,639465;20,000000;-0,833317;21,346649;14,671310;32,045364;33;0
2,89989;78,618629;20,000000;-1,666650;21,360535;14,337978;32,045364;33;0
2,9082234;78,590851;20,000000;-2,499984;21,381371;14,004646;32,045364;33;0
2,9165568;78,556129;20,000000;-3,333317;21,409149;13,671314;32,045364;33;0
2,9248903;78,514465;20,000000;-4,166650;21,443871;13,337982;32,045364;33;0
2,9332237;78,465851;20,000000;-4,999984;21,485535;13,004650;32,045364;33;0
2,9415572;78,410294;20,000000;-5,833317;21,534149;12,671318;32,045364;33;0
2,9498906;78,347794;20,000000;-6,666651;21,589706;12,337986;32,045364;33;0
2,958224;78,278351;20,000000;-7,499984;21,652206;12,004654;32,045364;33;0
2,9665575;78,201965;20,000000;-8,333318;21,721649;11,671320;32,045364;33;0
2,974891;78,118629;20,000000;-9,166651;21,798035;11,337986;32,045364;33;0
